Year,ID,Treatment,DW,CHL,LA,FW,N,P,K,Mg,Ca,S,Na,Fe,Mn,B,Cu,Zn
2019,33-16,HN,8.4,569.3,1348.579,32.51,3.12,0.24,1.91,0.21,0.59,0.18,0.002,95,93,10,12,23
2019,38-11Goodman-Buckler,HN,7.74,462.9,1300.589,35.99,3.62,0.3,2.21,0.15,0.48,0.27,0.002,139,120,19,23,30
2019,4226,HN,6.31,427,1216.347,24.61,4,0.3,2.14,0.21,0.48,0.25,0.002,106,102,15,16,70
2019,4722,HN,6.43,349.4,1304.188,28.98,3.12,0.25,2.29,0.25,0.28,0.2,0.003,92,78,13,10,49
2019,A6,HN,NA,NA,NA,NA,NA,NA,NA,NA,NA,NA,NA,NA,NA,NA,NA,NA
2019,A188,HN,5.01,558.6,829.352,19.86,3.61,0.38,1.72,0.22,0.37,0.25,0.001,112,72,17,21,32
2019,A214NGoodman-Buckler,HN,3.61,340.3,784.145,18.38,3.23,0.29,2.17,0.23,0.29,0.18,0.002,81,69,18,9,45
2019,A239,HN,6.02,403.4,973.213,23.05,2.97,0.29,1.56,0.25,0.58,0.22,0.003,130,128,21,11,36
2019,A441-5,HN,NA,NA,NA,NA,NA,NA,NA,NA,NA,NA,NA,NA,NA,NA,NA,NA
2019,A554,HN,4.81,433.7,825.321,18.97,3.59,0.39,2.29,0.29,0.59,0.26,0.003,119,182,31,17,58
2019,A556,HN,5.9,448.3,981.577,20.85,3.5,0.27,2.12,0.15,0.39,0.22,0.001,146,105,28,11,41
2019,A619,HN,5.82,398.1,906.417,22.82,3.09,0.25,2.22,0.12,0.25,0.21,0.003,131,68,37,12,41
2019,A632,HN,4.96,296.4,992.258,23.87,2.91,0.36,2.74,0.2,0.23,0.17,0.001,95,67,17,8,32
2019,A634,HN,4.04,469.9,688.054,13.72,3.23,0.28,1.49,0.32,0.54,0.21,0.002,95,65,20,15,45
2019,A635,HN,3.59,398.4,727.485,13.2,3.07,0.25,2.01,0.22,0.33,0.22,0.002,101,57,17,9,34
2019,A641,HN,3.27,305.4,634.371,12.18,2.83,0.36,1.96,0.28,0.47,0.23,0.002,89,89,33,7,61
2019,A654,HN,3.65,221.7,857.757,15.84,2.86,0.28,2.32,0.3,0.42,0.21,0.002,112,86,26,20,57
2019,A659,HN,5.54,346.1,1048.161,22.61,3.15,0.26,2,0.15,0.24,0.18,0.001,85,97,16,8,25
2019,A661,HN,4.26,337.7,938.595,17.47,2.79,0.23,2.71,0.12,0.27,0.17,0.001,89,83,26,7,25
2019,A679,HN,5.39,385.8,1043.725,20.4,3.26,0.32,2.25,0.17,0.3,0.23,0.001,94,45,25,11,29
2019,A680,HN,8.35,423.9,1453.856,32.33,3.48,0.28,1.94,0.18,0.39,0.24,0.001,94,76,14,13,31
2019,A682,HN,4.9,371.7,1001.798,20.56,3.09,0.29,2.28,0.14,0.34,0.21,0.002,116,76,33,11,25
2019,Ab28A,HN,NA,NA,NA,NA,NA,NA,NA,NA,NA,NA,NA,NA,NA,NA,NA,NA
2019,B2,HN,7.64,315.4,1345.013,36.1,2.63,0.2,2.23,0.16,0.27,0.15,0.001,95,54,15,9,19
2019,B10,HN,6.05,384.9,1101.071,23.64,2.96,0.27,1.98,0.22,0.28,0.18,0.001,82,46,32,9,34
2019,B14A,HN,7.82,342.7,1334.418,31.45,3.22,0.25,2.42,0.28,0.38,0.19,0.001,102,56,19,9,34
2019,B37,HN,8.73,487.8,1374.021,34.89,3.14,0.29,1.66,0.25,0.58,0.21,0.001,103,64,15,13,35
2019,B46,HN,6.99,393.9,1357.099,31.17,3.49,0.26,2.94,0.17,0.33,0.22,0.001,98,71,25,16,49
2019,B52,HN,NA,NA,NA,NA,NA,NA,NA,NA,NA,NA,NA,NA,NA,NA,NA,NA
2019,B57,HN,6,424.4,948.711,22.78,2.8,0.27,2.01,0.24,0.42,0.2,0.002,92,57,11,12,34
2019,B64,HN,5.12,280,948.309,20.48,2.84,0.26,1.78,0.29,0.38,0.18,0.002,74,52,18,8,26
2019,B68,HN,5.63,339.1,1071.4,23.6,3.08,0.28,1.53,0.24,0.34,0.19,0.001,96,90,18,10,43
2019,B73,HN,6.26,475.5,1027.35,26.51,3.46,0.26,2.16,0.29,0.49,0.22,0.002,108,88,16,14,34
2019,B73Htrhm,HN,6.99,357,1240.232,32.2,2.79,0.26,2.24,0.21,0.4,0.18,0.001,91,99,18,7,31
2019,B75,HN,4.18,333.8,750.08,15.5,2.79,0.32,1.76,0.22,0.26,0.22,0.002,89,50,23,11,39
2019,B76,HN,NA,NA,NA,NA,NA,NA,NA,NA,NA,NA,NA,NA,NA,NA,NA,NA
2019,B77,HN,7.9,426.2,1351.512,32.49,3.34,0.24,1.74,0.16,0.24,0.22,0.001,105,45,17,15,24
2019,B79,HN,3.83,332.6,790.484,17.84,3.05,0.22,3.12,0.18,0.48,0.19,0.001,80,55,15,10,24
2019,B84,HN,4.33,344.5,772.769,20.41,2.21,0.2,2.47,0.22,0.4,0.14,0.002,75,60,19,6,22
2019,B97,HN,9.16,417.9,1483.617,35.47,2.91,0.22,1.79,0.26,0.35,0.2,0.001,87,57,20,12,29
2019,B103,HN,2.88,397.7,534.611,11.95,2.89,0.28,2.42,0.22,0.39,0.22,0.001,81,110,29,9,67
2019,B104,HN,7.82,454.5,1221.913,32.07,2.62,0.26,1.99,0.14,0.29,0.2,0.002,102,91,10,12,32
2019,B105,HN,5.76,383.1,1064.536,23.39,2.77,0.23,2.06,0.19,0.37,0.2,0.002,81,66,14,13,33
2019,B109,HN,8.99,497.4,1346.537,35.93,3.16,0.23,2.12,0.27,0.43,0.2,0.001,93,128,11,9,26
2019,B164,HN,6.39,431.5,1129.461,23.7,3.29,0.33,1.72,0.27,0.65,0.22,0.001,100,61,16,12,48
2019,C49A,HN,4.33,469.5,708.367,14.88,3.14,0.36,1.57,0.44,0.72,0.27,0.002,108,144,33,22,80
2019,C103,HN,6.49,336.2,1206.7,28.38,2.8,0.26,2.3,0.14,0.28,0.2,0.002,106,62,21,9,24
2019,C123,HN,7.22,367.5,1001.418,27.84,2.89,0.36,2.21,0.16,0.25,0.2,0.002,101,179,19,9,47
2019,CH9,HN,3.41,457.3,691.55,14.31,3.33,0.24,2.36,0.2,0.24,0.18,0.002,85,83,15,14,30
2019,CH701-30,HN,6.5,477.9,1062.802,27.8,3.58,0.35,2.73,0.13,0.29,0.24,0.001,118,97,16,19,21
2019,CI3A,HN,6.3,418.9,1139.276,28.61,3.25,0.25,2.22,0.25,0.35,0.22,0.001,94,65,16,11,41
2019,Ci7Goodman-Buckler,HN,9.43,476,1636.244,30.2,3.13,0.24,2.03,0.23,0.45,0.23,0.001,107,85,10,14,44
2019,CI21E,HN,NA,NA,NA,NA,NA,NA,NA,NA,NA,NA,NA,NA,NA,NA,NA,NA
2019,CI28AGoodman-Buckler,HN,NA,NA,NA,NA,NA,NA,NA,NA,NA,NA,NA,NA,NA,NA,NA,NA
2019,CI31A,HN,6.37,424.8,1081.139,31.76,2.95,0.2,3.32,0.23,0.43,0.21,0.001,100,90,11,9,26
2019,CI64,HN,6.87,344.8,1200.665,28.41,3.01,0.22,1.9,0.25,0.33,0.18,0.002,87,82,14,12,22
2019,CI66,HN,NA,NA,NA,NA,NA,NA,NA,NA,NA,NA,NA,NA,NA,NA,NA,NA
2019,Ci90CGoodman-Buckler,HN,5.03,455,1003.737,25.34,3.34,0.28,2.56,0.47,0.63,0.2,0.002,105,87,13,24,45
2019,Ci91BGoodman-Buckler,HN,NA,NA,NA,NA,NA,NA,NA,NA,NA,NA,NA,NA,NA,NA,NA,NA
2019,CI187-2,HN,4.27,433.5,784.874,17.81,3.37,0.28,2.24,0.12,0.28,0.22,0.002,122,53,16,15,34
2019,CM7,HN,4.72,434.7,775.97,18.76,2.84,0.28,1.67,0.28,0.54,0.22,0.001,90,173,33,13,40
2019,CM37,HN,5.42,432.8,901.147,21.76,3.02,0.31,1.41,0.3,0.56,0.22,0.001,95,204,30,16,28
2019,CM105,HN,3.47,443.1,704.087,13.17,3.51,0.25,1.45,0.26,0.39,0.21,0.002,101,39,20,11,41
2019,CM174,HN,4.05,412.6,843.12,16.26,3.29,0.28,1.63,0.42,0.43,0.24,0.001,118,64,23,11,49
2019,CML5,HN,NA,NA,NA,NA,NA,NA,NA,NA,NA,NA,NA,NA,NA,NA,NA,NA
2019,CML10,HN,4.17,330.1,806.618,17.37,3.12,0.27,1.94,0.24,0.23,0.19,0.002,72,83,18,11,31
2019,CML11,HN,NA,NA,NA,NA,NA,NA,NA,NA,NA,NA,NA,NA,NA,NA,NA,NA
2019,CML14,HN,NA,NA,NA,NA,NA,NA,NA,NA,NA,NA,NA,NA,NA,NA,NA,NA
2019,CML38,HN,NA,NA,NA,NA,NA,NA,NA,NA,NA,NA,NA,NA,NA,NA,NA,NA
2019,CML45,HN,NA,NA,NA,NA,NA,NA,NA,NA,NA,NA,NA,NA,NA,NA,NA,NA
2019,CML52,HN,9.79,377.4,1472.653,41.23,2.55,0.21,1.9,0.14,0.23,0.15,0.001,94,82,11,9,38
2019,CML61,HN,NA,NA,NA,NA,NA,NA,NA,NA,NA,NA,NA,NA,NA,NA,NA,NA
2019,CML69,HN,13.36,418.6,1993.663,51.83,3.1,0.19,2.08,0.16,0.42,0.19,0.001,110,56,17,13,25
2019,CML77,HN,NA,NA,NA,NA,NA,NA,NA,NA,NA,NA,NA,NA,NA,NA,NA,NA
2019,CML91,HN,NA,NA,NA,NA,NA,NA,NA,NA,NA,NA,NA,NA,NA,NA,NA,NA
2019,CML92,HN,NA,NA,NA,NA,NA,NA,NA,NA,NA,NA,NA,NA,NA,NA,NA,NA
2019,CML103,HN,5.89,335.4,1111.181,22.02,2.87,0.24,1.98,0.2,0.29,0.19,0.003,85,128,23,9,43
2019,CML108,HN,5.58,295.2,1206.043,26.68,2.92,0.27,2.16,0.27,0.28,0.18,0.003,131,61,12,12,28
2019,CML154Q,HN,9.49,473.5,1423.676,35.79,3,0.23,2.19,0.2,0.29,0.2,0.001,94,100,11,17,30
2019,CML157Q,HN,NA,NA,NA,NA,NA,NA,NA,NA,NA,NA,NA,NA,NA,NA,NA,NA
2019,CML158Q,HN,7.03,331.7,1454.238,32.11,2.77,0.24,2.71,0.15,0.25,0.18,0.002,67,73,14,12,37
2019,CML218,HN,NA,NA,NA,NA,NA,NA,NA,NA,NA,NA,NA,NA,NA,NA,NA,NA
2019,CML220,HN,7.88,493.1,1260.998,30.57,3.31,0.26,2.34,0.15,0.23,0.21,0.002,84,74,11,11,32
2019,CML228,HN,4.97,354.6,957.938,19.41,2.98,0.29,1.99,0.25,0.33,0.17,0.001,78,55,30,9,33
2019,CML238,HN,NA,NA,NA,NA,NA,NA,NA,NA,NA,NA,NA,NA,NA,NA,NA,NA
2019,CML247,HN,NA,NA,NA,NA,NA,NA,NA,NA,NA,NA,NA,NA,NA,NA,NA,NA
2019,CML254,HN,3.77,266.9,887.688,18.06,2.62,0.22,2.3,0.28,0.32,0.17,0.003,80,67,14,7,33
2019,CML258,HN,NA,NA,NA,NA,NA,NA,NA,NA,NA,NA,NA,NA,NA,NA,NA,NA
2019,CML261,HN,4.62,255.7,976.504,20.25,2.48,0.21,2.18,0.17,0.17,0.15,0.002,64,52,13,5,20
2019,CML264,HN,NA,NA,NA,NA,NA,NA,NA,NA,NA,NA,NA,NA,NA,NA,NA,NA
2019,CML277,HN,5.14,378.2,1030.402,20.73,2.84,0.27,1.98,0.28,0.32,0.18,0.001,98,81,29,8,39
2019,CML281,HN,NA,NA,NA,NA,NA,NA,NA,NA,NA,NA,NA,NA,NA,NA,NA,NA
2019,CML287,HN,5.86,391,1189.703,23.75,3.02,0.28,2.26,0.23,0.3,0.19,0.001,88,49,30,11,30
2019,CML311,HN,NA,NA,NA,NA,NA,NA,NA,NA,NA,NA,NA,NA,NA,NA,NA,NA
2019,CML314,HN,4.7,165.1,1067.636,20.93,1.75,0.17,2.45,0.18,0.3,0.12,0.003,68,81,16,5,31
2019,CML321,HN,5.72,362.6,1117.239,22.92,2.97,0.28,2.2,0.24,0.3,0.18,0.001,85,49,34,10,29
2019,CML322,HN,4.3,322.1,863.968,18.36,2.46,0.23,2.31,0.17,0.37,0.18,0.001,67,78,12,9,44
2019,CML323,HN,11.31,429,1639.359,45.21,2.9,0.25,1.55,0.22,0.43,0.22,0.002,121,76,25,14,24
2019,CML328,HN,NA,NA,NA,NA,NA,NA,NA,NA,NA,NA,NA,NA,NA,NA,NA,NA
2019,CML331,HN,NA,NA,NA,NA,NA,NA,NA,NA,NA,NA,NA,NA,NA,NA,NA,NA
2019,CML332,HN,NA,NA,NA,NA,NA,NA,NA,NA,NA,NA,NA,NA,NA,NA,NA,NA
2019,CML333,HN,4.49,197.2,892.566,18.63,2.05,0.2,1.76,0.11,0.16,0.14,0.001,76,61,9,7,28
2019,CML341,HN,NA,NA,NA,NA,NA,NA,NA,NA,NA,NA,NA,NA,NA,NA,NA,NA
2019,CMV3,HN,3.59,403.6,669.019,12.79,2.96,0.25,1.28,0.25,0.47,0.29,0.002,102,66,26,12,21
2019,CO106,HN,4.19,494.5,686.829,16.67,3.42,0.34,2.4,0.24,0.43,0.26,0.002,115,150,17,25,66
2019,CO125,HN,3.75,388.8,704.784,14.72,3.3,0.36,2.26,0.14,0.3,0.23,0.001,94,63,13,21,30
2019,CO255,HN,3.18,527.4,598.747,12.3,3.33,0.3,1.4,0.33,0.57,0.25,0.001,107,166,17,32,49
2019,D940Y,HN,10.95,463.3,1844.268,41.51,3.09,0.25,1.79,0.21,0.36,0.17,0.002,108,48,28,11,31
2019,DE-2,HN,5.56,361,1017.126,21.2,3.08,0.2,1.91,0.12,0.2,0.19,0.001,96,64,18,14,28
2019,DE1,HN,8.45,268.4,1068.793,20.04,3.29,0.28,2.75,0.14,0.22,0.22,0.002,119,82,17,9,31
2019,DE811,HN,6.99,497.3,1120.902,29.76,3.5,0.3,1.88,0.23,0.45,0.24,0.001,125,132,16,15,29
2019,E2558W,HN,10.76,448.3,1726.107,44.29,3.16,0.21,1.99,0.22,0.43,0.2,0.002,100,63,16,9,22
2019,EP1,HN,4.38,492.6,679.172,18.77,3.63,0.39,2.42,0.19,0.33,0.25,0.001,112,187,23,23,59
2019,F6,HN,NA,NA,NA,NA,NA,NA,NA,NA,NA,NA,NA,NA,NA,NA,NA,NA
2019,F7,HN,4.25,377.6,767.41,15.69,3.3,0.3,1.85,0.55,0.65,0.26,0.001,129,144,17,22,54
2019,F44,HN,6.62,470.8,1040.185,28.56,2.99,0.2,2.16,0.21,0.46,0.2,0.002,91,76,25,10,35
2019,F2834T,HN,8.37,408.9,1370.536,37.3,3.06,0.3,2.36,0.13,0.3,0.24,0.002,98,91,10,10,25
2019,GA209,HN,7.47,350.8,1179.472,36.11,2.71,0.18,1.73,0.26,0.47,0.16,0.001,119,142,15,14,27
2019,GT112,HN,NA,NA,NA,NA,NA,NA,NA,NA,NA,NA,NA,NA,NA,NA,NA,NA
2019,H49,HN,NA,NA,NA,NA,NA,NA,NA,NA,NA,NA,NA,NA,NA,NA,NA,NA
2019,H84,HN,4.5,496.3,745.964,16.95,3.15,0.28,1.69,0.26,0.41,0.2,0.002,86,62,21,13,50
2019,H91,HN,6.38,425,1219.255,30,3.43,0.25,2.47,0.17,0.31,0.21,0.001,111,50,15,11,27
2019,H95,HN,6.16,358.7,1091.833,25.16,2.61,0.24,2.11,0.16,0.26,0.18,0.001,77,75,18,10,25
2019,H99,HN,2.84,430.6,503.432,10.83,3.24,0.28,1.81,0.22,0.4,0.22,0.001,88,121,31,11,30
2019,H105W,HN,6.54,237.3,1121.144,26.15,2.54,0.28,2.09,0.31,0.4,0.15,0.001,110,131,18,7,35
2019,Hi27Goodman-Buckler,HN,NA,NA,NA,NA,NA,NA,NA,NA,NA,NA,NA,NA,NA,NA,NA,NA
2019,HP301,HN,7.03,325,1278.462,27.88,3,0.22,1.91,0.22,0.5,0.22,0.001,88,88,20,11,40
2019,I29,HN,2,298,464.939,7.88,2.68,0.26,1.9,0.18,0.25,0.21,0.001,74,86,28,6,35
2019,I137TN,HN,NA,NA,NA,NA,NA,NA,NA,NA,NA,NA,NA,NA,NA,NA,NA,NA
2019,I205,HN,8.74,461.1,1566.306,33.25,3.22,0.28,2.15,0.2,0.31,0.22,0.003,105,53,23,11,29
2019,i1677a,HN,NA,NA,NA,NA,NA,NA,NA,NA,NA,NA,NA,NA,NA,NA,NA,NA
2019,IA2132Goodman-Buckler,HN,7.33,462.9,1022.99,30.8,3.43,0.29,2.03,0.38,0.45,0.22,0.002,99,87,21,13,43
2019,Ia5125,HN,3,293.5,522.902,10.28,3.1,0.29,2.11,0.19,0.36,0.22,0.001,101,103,18,8,49
2019,IDS28,HN,5.36,397.2,952.333,20.78,2.98,0.26,1.69,0.12,0.32,0.18,0.001,112,85,11,16,39
2019,IDS69,HN,NA,NA,NA,NA,NA,NA,NA,NA,NA,NA,NA,NA,NA,NA,NA,NA
2019,IDS91,HN,5.75,388.2,1058.178,24.4,3.09,0.25,2.38,0.23,0.35,0.21,0.002,92,77,17,12,35
2019,Il14H,HN,6.8,376.3,1242.894,33.36,3.13,0.26,2.75,0.17,0.39,0.23,0.003,99,83,15,9,29
2019,Il101,HN,NA,NA,NA,NA,NA,NA,NA,NA,NA,NA,NA,NA,NA,NA,NA,NA
2019,ILLHy,HN,5.85,341.1,1193.368,23.04,3.45,0.3,2.23,0.26,0.52,0.24,0.001,100,59,21,12,39
2019,K4,HN,8.17,380.8,1531.359,36.99,2.56,0.22,2.25,0.25,0.33,0.18,0.002,103,76,15,12,29
2019,K55,HN,5.5,387.8,1045.714,23.36,3.11,0.28,1.96,0.4,0.47,0.2,0.002,104,83,16,9,34
2019,K64,HN,6,369.1,1049.772,25.1,2.76,0.26,2.04,0.21,0.3,0.19,0.002,87,62,13,13,35
2019,K148,HN,NA,NA,NA,NA,NA,NA,NA,NA,NA,NA,NA,NA,NA,NA,NA,NA
2019,KI3,HN,NA,NA,NA,NA,NA,NA,NA,NA,NA,NA,NA,NA,NA,NA,NA,NA
2019,Ki11,HN,10.6,485.1,1684.849,49.07,3.11,0.24,2.03,0.37,0.52,0.21,0.002,102,91,10,12,34
2019,Ki14,HN,NA,NA,NA,NA,NA,NA,NA,NA,NA,NA,NA,NA,NA,NA,NA,NA
2019,Ki21,HN,NA,NA,NA,NA,NA,NA,NA,NA,NA,NA,NA,NA,NA,NA,NA,NA
2019,Ki43,HN,NA,NA,NA,NA,NA,NA,NA,NA,NA,NA,NA,NA,NA,NA,NA,NA
2019,Ki44,HN,9.28,444.2,1432.319,37.05,3.43,0.3,2.31,0.29,0.4,0.24,0.002,114,75,13,16,41
2019,Ki2021,HN,NA,NA,NA,NA,NA,NA,NA,NA,NA,NA,NA,NA,NA,NA,NA,NA
2019,Ky21,HN,NA,NA,NA,NA,NA,NA,NA,NA,NA,NA,NA,NA,NA,NA,NA,NA
2019,KY226,HN,7.55,428.2,1103.621,28.95,2.97,0.25,1.86,0.19,0.29,0.19,0.001,121,120,12,12,35
2019,KY228,HN,NA,NA,NA,NA,NA,NA,NA,NA,NA,NA,NA,NA,NA,NA,NA,NA
2019,L317,HN,6.9,492.3,1220.715,32.11,3.16,0.19,2.25,0.23,0.41,0.19,0.002,95,69,23,11,36
2019,L578,HN,NA,NA,NA,NA,NA,NA,NA,NA,NA,NA,NA,NA,NA,NA,NA,NA
2019,M14,HN,6.69,451.5,1187.414,29.39,3.7,0.33,2.51,0.12,0.28,0.23,0.003,126,145,15,21,36
2019,M37W,HN,6.61,231.1,1381.766,27.44,3.15,0.23,1.73,0.31,0.52,0.19,0.002,104,89,13,10,35
2019,M162W,HN,7.11,391,1322.299,32.21,2.81,0.2,1.79,0.23,0.37,0.18,0.002,124,67,17,9,24
2019,MEF156-55-2,HN,5.75,318.5,817.946,20.84,3.1,0.28,1.79,0.37,0.58,0.24,0.001,118,62,35,11,56
2019,MO1W,HN,5.97,306.9,1226.104,26.01,3.18,0.28,2.21,0.24,0.31,0.2,0.001,128,102,15,17,41
2019,Mo17,HN,5.51,404.8,1073.081,28.23,3.19,0.3,2.92,0.15,0.31,0.21,0.002,129,121,9,14,32
2019,Mo18W,HN,NA,NA,NA,NA,NA,NA,NA,NA,NA,NA,NA,NA,NA,NA,NA,NA
2019,Mo24W,HN,10.05,453.3,1637.208,42.41,3,0.26,1.99,0.23,0.3,0.2,0.001,112,119,13,12,22
2019,Mo44,HN,7.14,545.2,1236.216,34.74,3.64,0.29,2.93,0.19,0.38,0.22,0.002,118,109,10,13,31
2019,Mo45,HN,7.63,515.2,1214.594,34.04,2.97,0.23,2.57,0.21,0.4,0.19,0.002,108,82,11,12,28
2019,Mo46,HN,7.52,509,1137.113,30.74,3.26,0.34,1.91,0.18,0.3,0.22,0.002,128,94,15,19,31
2019,Mo47,HN,4.82,419.9,812.406,17.6,2.89,0.24,1.68,0.24,0.35,0.21,0.001,81,98,25,13,58
2019,MoG,HN,NA,NA,NA,NA,NA,NA,NA,NA,NA,NA,NA,NA,NA,NA,NA,NA
2019,Mp339,HN,9.74,399.7,1528.725,43.86,3.05,0.24,2.03,0.3,0.47,0.19,0.002,101,118,9,12,31
2019,Ms71,HN,9.31,457.5,1575.082,35.86,2.93,0.28,2.06,0.19,0.32,0.2,0.001,87,46,24,10,27
2019,MS153,HN,3.1,390.3,584.432,11.67,3.1,0.28,1.98,0.12,0.3,0.24,0.001,122,89,31,18,29
2019,MS1334,HN,5.04,499.6,877.142,19.03,3.49,0.36,1.93,0.18,0.33,0.22,0.002,99,93,25,18,26
2019,Mt42,HN,3.4,402.3,610.27,12.57,3.13,0.27,2.44,0.24,0.48,0.24,0.001,97,132,29,10,30
2019,N6,HN,5.37,422.3,839.145,19.59,2.95,0.29,1.79,0.12,0.3,0.31,0.001,97,115,14,15,33
2019,N7A,HN,7.02,399.6,1076.76,25.49,2.86,0.25,1.41,0.32,0.49,0.16,0.002,NA,197,1,13,39
2019,N28Ht,HN,6.4,442.9,1145.78,26.73,3.11,0.28,1.94,0.29,0.47,0.2,0.002,124,96,15,13,40
2019,N192,HN,6.38,483.4,1060.985,26.02,3.81,0.34,2.09,0.18,0.44,0.29,0.001,144,82,19,15,35
2019,NC33,HN,NA,NA,NA,NA,NA,NA,NA,NA,NA,NA,NA,NA,NA,NA,NA,NA
2019,NC222,HN,7.18,389.4,1455.375,31.32,2.76,0.24,2.53,0.22,0.38,0.17,0.001,90,81,20,8,28
2019,NC230,HN,8.07,434.4,1484.226,33.12,3.1,0.28,2.55,0.25,0.43,0.22,0.001,112,71,18,10,31
2019,NC232,HN,9.05,397.2,1539.297,37.52,3.1,0.23,2.16,0.23,0.34,0.21,0.002,112,43,10,16,37
2019,NC236,HN,5.86,359.8,1216.841,28.03,3.2,0.3,1.97,0.19,0.36,0.22,0.002,102,117,15,21,50
2019,NC238,HN,NA,NA,NA,NA,NA,NA,NA,NA,NA,NA,NA,NA,NA,NA,NA,NA
2019,NC250,HN,6.45,550.7,822.038,26.16,2.99,0.24,1.95,0.18,0.39,0.25,0.002,123,91,15,11,23
2019,NC258,HN,9.48,432.1,1523.543,41.03,3.22,0.24,2.15,0.14,0.22,0.19,0.001,93,56,19,14,23
2019,NC260,HN,7.66,561.2,1203.065,33.62,4.11,0.35,2.87,0.14,0.32,0.24,0.001,129,117,13,19,36
2019,NC262,HN,4.07,333.2,623.061,15.85,2.59,0.28,2.13,0.18,0.23,0.23,0.001,86,63,27,9,30
2019,NC264,HN,6.58,353.5,1228.794,29.77,2.92,0.24,2.6,0.2,0.36,0.22,0.002,103,88,18,11,30
2019,NC290A,HN,7.84,425.7,1179.163,31.31,3,0.24,1.76,0.26,0.38,0.2,0.001,99,103,14,12,21
2019,NC294,HN,4.64,417.4,829.204,23.02,2.63,0.24,2.13,0.17,0.3,0.16,0.002,93,63,22,10,26
2019,NC296,HN,9.22,308.9,1441.464,41.26,2.76,0.25,2.07,0.26,0.5,0.17,0.002,118,169,17,12,32
2019,NC296A,HN,NA,NA,NA,NA,NA,NA,NA,NA,NA,NA,NA,NA,NA,NA,NA,NA
2019,NC298,HN,9.46,432.8,1682.02,36.85,2.6,0.26,2.05,0.25,0.37,0.2,0.001,99,49,19,10,23
2019,NC300,HN,NA,NA,NA,NA,NA,NA,NA,NA,NA,NA,NA,NA,NA,NA,NA,NA
2019,NC302,HN,5.76,429.1,974.845,22.13,2.84,0.26,1.8,0.24,0.43,0.2,0.002,102,66,11,10,33
2019,NC304,HN,NA,NA,NA,NA,NA,NA,NA,NA,NA,NA,NA,NA,NA,NA,NA,NA
2019,NC306,HN,5.83,379.3,1001.352,22.11,2.83,0.28,1.54,0.16,0.31,0.19,0.002,99,54,22,11,31
2019,NC310,HN,6.22,483.2,1337.699,27.5,3.35,0.24,2.07,0.23,0.55,0.22,0.002,183,122,8,11,23
2019,NC314,HN,NA,NA,NA,NA,NA,NA,NA,NA,NA,NA,NA,NA,NA,NA,NA,NA
2019,NC318,HN,8.69,442,1380.196,36.48,3.32,0.24,1.91,0.25,0.36,0.2,0.002,105,56,13,14,36
2019,NC320,HN,5.47,368.8,1078.249,26.09,3.26,0.21,2.36,0.25,0.49,0.2,0.001,97,91,16,12,36
2019,NC324,HN,5.03,463.7,662.929,23.42,2.8,0.26,1.84,0.18,0.44,0.18,0.002,NA,109,7,13,27
2019,NC326,HN,9.42,516,1490.936,38.12,3.39,0.26,2.06,0.2,0.5,0.23,0.001,136,87,15,15,27
2019,NC328,HN,7.04,480.3,1221.438,29.99,3.55,0.29,1.94,0.23,0.52,0.23,0.002,114,94,16,11,26
2019,NC336,HN,6.15,389.7,962.286,26.81,3.13,0.26,2.06,0.32,0.44,0.2,0.001,103,161,11,15,31
2019,NC338,HN,10.32,423,1797.707,41.17,2.79,0.23,1.71,0.31,0.46,0.18,0.002,96,75,14,11,33
2019,NC340,HN,10.59,442,1738.007,40.19,3.05,0.25,1.93,0.22,0.37,0.2,0.001,110,46,26,11,27
2019,NC342,HN,8.34,281.6,1445.035,37.05,2.3,0.21,2.05,0.18,0.26,0.16,0.003,81,56,18,14,24
2019,NC344,HN,12.8,450.9,1761.889,54.58,3.07,0.3,1.97,0.14,0.34,0.2,0.002,125,80,14,20,20
2019,NC346,HN,7.8,253.7,1233.107,32.81,2.63,0.22,2.2,0.19,0.35,0.15,0.002,101,101,12,9,30
2019,NC348,HN,7.57,496.1,1104.745,28,3.05,0.23,1.75,0.26,0.27,0.2,0.001,92,60,7,15,25
2019,NC350,HN,NA,NA,NA,NA,NA,NA,NA,NA,NA,NA,NA,NA,NA,NA,NA,NA
2019,NC352,HN,6.01,405.5,971.278,26.63,2.93,0.22,2.59,0.21,0.34,0.19,0.002,96,118,10,11,27
2019,NC354,HN,NA,NA,NA,NA,NA,NA,NA,NA,NA,NA,NA,NA,NA,NA,NA,NA
2019,NC356,HN,6.76,470.4,867.917,26.6,3.03,0.32,1.56,0.4,0.41,0.21,0.001,101,75,21,13,37
2019,NC358,HN,7.52,503.9,1214.18,31.73,3.03,0.32,2.15,0.12,0.23,0.19,0.002,98,47,11,12,23
2019,NC360,HN,12.95,459.2,2081.51,52.78,2.73,0.27,1.92,0.21,0.38,0.19,0.001,97,60,13,11,18
2019,NC362,HN,9.77,406.6,1397.352,40.9,3.12,0.26,2.4,0.27,0.36,0.21,0.001,95,116,16,15,27
2019,NC364,HN,7.43,349.5,1177.392,30.35,3.06,0.28,1.89,0.27,0.47,0.22,0.001,105,93,28,12,28
2019,NC366,HN,11.34,499.1,1700.184,47.93,2.97,0.27,2.15,0.16,0.33,0.2,0.001,94,74,11,10,28
2019,NC368,HN,5.53,231.6,1069.003,24.08,2.76,0.28,2.33,0.12,0.18,0.17,0.002,79,51,19,8,22
2019,ND246,HN,3.59,479.9,613.266,12.74,2.89,0.27,1.91,0.25,0.43,0.25,0.002,99,84,19,15,41
2019,OH7B,HN,7.26,439.4,1127.954,31.56,3.21,0.32,1.81,0.37,0.84,0.24,0.002,106,245,15,17,53
2019,Oh40B,HN,7.92,389.9,1370.562,36.56,2.3,0.2,2.2,0.11,0.45,0.16,0.002,135,97,17,12,33
2019,Oh43,HN,5.09,374.7,911.809,20.39,3.05,0.28,2.25,0.14,0.23,0.22,0.001,96,49,30,11,40
2019,Oh43E,HN,5.73,#DIV/0!,1011.132,26.1,2.8,0.34,2.51,0.14,0.25,0.2,0.006,94,55,15,10,23
2019,Oh603,HN,9.5,334.1,1658.923,33.1,2.66,0.27,2.24,0.14,0.27,0.19,0.002,107,55,12,12,24
2019,Os420,HN,7.54,406.1,1386.914,34.92,3.04,0.29,2.59,0.15,0.26,0.18,0.002,97,64,11,10,29
2019,P39Goodman-Buckler,HN,1.92,436.1,355.084,9.95,3.18,0.31,2.58,0.25,0.41,0.27,0.001,102,214,9,9,44
2019,Pa91,HN,7.37,404.9,1297.024,35.1,3.63,0.28,2.37,0.22,0.48,0.29,0.002,126,82,14,25,37
2019,Pa762,HN,7.01,385.9,1192.473,26.74,3.11,0.24,1.86,0.15,0.31,0.2,0.005,91,62,20,16,36
2019,Pa875,HN,8.14,428.6,1331.239,33.06,3.13,0.29,1.73,0.26,0.37,0.21,0.002,109,124,18,11,34
2019,Pa880,HN,7.67,427.1,1269.24,29.08,3.11,0.29,1.89,0.19,0.28,0.19,0.002,116,68,10,16,30
2019,R4,HN,7.38,539.4,1229.531,32.16,3.59,0.27,2.23,0.16,0.36,0.23,0.002,155,80,14,13,29
2019,R109B,HN,NA,NA,NA,NA,NA,NA,NA,NA,NA,NA,NA,NA,NA,NA,NA,NA
2019,R168,HN,4.43,416.1,878.378,17.7,3.28,0.36,2.34,0.14,0.26,0.22,0.001,101,66,18,12,41
2019,R177,HN,8.94,467.6,1436.997,34.73,3.16,0.27,1.91,0.32,0.45,0.21,0.001,113,110,16,15,30
2019,R229,HN,7.64,455.2,1225.137,34.15,2.85,0.22,2.1,0.32,0.66,0.18,0.001,101,160,13,12,20
2019,SA24,HN,8.12,307.5,1398.968,32.68,2.55,0.23,2.46,0.26,0.43,0.18,0.001,85,117,13,9,35
2019,SC55,HN,6.84,377.2,1151.957,32.28,2.77,0.19,2.19,0.28,0.45,0.17,0.001,73,110,10,7,25
2019,SC213R,HN,NA,NA,NA,NA,NA,NA,NA,NA,NA,NA,NA,NA,NA,NA,NA,NA
2019,SC357,HN,7.36,431.5,1136.284,31.95,3.28,0.23,2.33,0.17,0.43,0.2,0.002,96,147,18,9,34
2019,SD40,HN,5.7,472.9,881.015,21.39,2.57,0.22,2.07,0.2,0.32,0.17,0.002,93,73,10,9,24
2019,SD44,HN,3.8,421.7,731.139,16.13,3.42,0.29,2.35,0.13,0.23,0.24,0.002,123,79,20,14,54
2019,Sg18,HN,7.11,399,1272.493,24.09,3.06,0.26,1.96,0.27,0.54,0.21,0.002,92,100,19,13,23
2019,Sg1533,HN,6.97,325.8,1269.94,30.18,2.61,0.2,2.37,0.2,0.55,0.16,0.002,97,120,18,10,36
2019,T8,HN,8.98,505.5,1364.175,40.83,2.94,0.22,2.35,0.16,0.35,0.16,0.001,92,114,10,15,21
2019,T232,HN,9.1,472.5,1461.771,37.53,3.29,0.25,2.09,0.24,0.49,0.22,0.001,121,57,10,12,31
2019,T234,HN,5.86,421.9,1087.691,26.67,2.9,0.23,2.28,0.17,0.29,0.18,0.001,92,75,9,11,28
2019,Tx303,HN,NA,NA,NA,NA,NA,NA,NA,NA,NA,NA,NA,NA,NA,NA,NA,NA
2019,Tx601,HN,7.84,403,1388.643,36.76,2.81,0.19,2.1,0.24,0.44,0.17,0.001,81,66,13,13,45
2019,Tzi8,HN,7.52,443.8,1378.85,28.87,3.09,0.28,2.25,0.24,0.36,0.23,0.001,104,67,31,12,33
2019,Tzi9,HN,7.73,426.8,1376.813,29.37,3.13,0.25,2,0.2,0.3,0.2,0.001,86,48,27,11,27
2019,Tzi10,HN,10.71,375.7,1227.941,37.36,2.72,0.21,2.2,0.16,0.41,0.18,0.002,98,147,21,8,39
2019,Tzi11,HN,7.49,344.5,1204.138,29.16,2.77,0.24,2.12,0.22,0.4,0.19,0.001,110,77,16,22,38
2019,Tzi16,HN,NA,NA,NA,NA,NA,NA,NA,NA,NA,NA,NA,NA,NA,NA,NA,NA
2019,Tzi18,HN,10.45,441.2,1585.355,42.44,3.07,0.26,2,0.21,0.41,0.19,0.002,124,74,11,13,32
2019,Tzi25,HN,7.1,367.4,1323.364,34.26,3.08,0.26,2.78,0.21,0.29,0.18,0.002,108,86,19,13,31
2019,U267Y,HN,NA,NA,NA,NA,NA,NA,NA,NA,NA,NA,NA,NA,NA,NA,NA,NA
2019,Va14,HN,NA,NA,NA,NA,NA,NA,NA,NA,NA,NA,NA,NA,NA,NA,NA,NA
2019,Va17,HN,NA,NA,NA,NA,NA,NA,NA,NA,NA,NA,NA,NA,NA,NA,NA,NA
2019,Va22,HN,8.74,512.7,1438.555,36.99,3,0.27,2.32,0.15,0.31,0.19,0.002,103,55,18,15,23
2019,Va26,HN,12.8,462.9,1311.143,32.19,NA,NA,NA,NA,NA,NA,NA,NA,NA,NA,NA,NA
2019,Va35,HN,7.95,462.1,1204.092,35.22,3.13,0.25,2.13,0.21,0.27,0.2,0.002,94,57,9,16,26
2019,Va59,HN,5.89,451.9,857.272,22.1,3.65,0.32,2.51,0.26,0.38,0.24,0.002,139,132,21,13,28
2019,Va85,HN,7.64,389.3,1264.713,28.98,2.77,0.23,1.83,0.13,0.27,0.17,0.001,109,61,13,8,26
2019,Va99,HN,8.99,367.2,1553.478,36.44,2.6,0.3,1.77,0.12,0.39,0.2,0.001,95,71,21,12,32
2019,VA102,HN,8.8,480.8,1470.988,41.87,3.39,0.29,2.81,0.26,0.38,0.24,0.001,109,117,12,21,28
2019,VaW6,HN,9.45,444.8,1440.73,35.87,3.29,0.3,2.2,0.2,0.34,0.22,0.002,87,96,13,15,30
2019,W22,HN,5.58,439.8,1091.709,25.07,3.25,0.32,2.05,0.28,0.39,0.23,0.002,112,93,18,17,40
2019,W64A,HN,2.93,372.8,671.354,9.09,2.9,0.27,2.29,0.14,0.31,0.2,0.009,96,73,15,11,34
2019,W117Ht,HN,5.91,496.6,835.319,19.54,2.96,0.29,1.87,0.12,0.35,0.2,0.006,90,71,13,15,46
2019,W153R,HN,2.27,397.4,473.441,9.03,2.91,0.24,2.09,0.13,0.23,0.18,0.001,101,34,13,7,25
2019,W182B,HN,3.03,320.4,685.306,12.54,3.3,0.3,2.59,0.19,0.47,0.32,0.002,113,165,22,16,57
2019,WD,HN,NA,NA,NA,NA,NA,NA,NA,NA,NA,NA,NA,NA,NA,NA,NA,NA
2019,Wf9,HN,7.49,376.5,1400.584,39.58,3.06,0.26,2.31,0.2,0.3,0.18,0.001,105,90,16,17,36
2019,Yu796_NS,HN,4.88,410.8,1016.917,20.4,3.25,0.23,2.06,0.26,0.32,0.2,0.003,120,102,8,15,30
2019,33-16,LN,6.76,460.7,1231.976,27.13,2.87,0.26,1.74,0.23,0.51,0.21,0.002,105,70,17,13,25
2019,38-11Goodman-Buckler,LN,7.6,362.1,1152.928,25.87,2.89,0.33,1.96,0.11,0.45,0.33,0.002,141,84,18,18,25
2019,4226,LN,4.02,237,782.01,15.67,2.15,0.33,2.16,0.21,0.47,0.22,0.002,79,64,16,7,51
2019,4722,LN,3.1,174.5,761.237,14.01,1.63,0.23,2.09,0.13,0.19,0.14,0.001,65,64,14,4,31
2019,A6,LN,NA,NA,NA,NA,NA,NA,NA,NA,NA,NA,NA,NA,NA,NA,NA,NA
2019,A188,LN,2.8,385.8,608.669,12.15,2.76,0.32,1.98,0.14,0.23,0.22,0.001,114,21,11,10,20
2019,A214NGoodman-Buckler,LN,4.79,223.1,979.974,21.89,2.05,0.29,2.31,0.2,0.24,0.16,0.001,65,66,21,5,33
2019,A239,LN,3.73,258.4,694.639,12.99,1.7,0.22,1.72,0.17,0.34,0.13,0.002,76,59,11,5,15
2019,A441-5,LN,NA,NA,NA,NA,NA,NA,NA,NA,NA,NA,NA,NA,NA,NA,NA,NA
2019,A554,LN,4.88,398.1,863.156,19.61,2.81,0.37,2.09,0.18,0.46,0.22,0.002,109,119,16,11,41
2019,A556,LN,3.3,422.9,594.68,14.31,2.99,0.38,2.44,0.2,0.39,0.27,0.002,111,168,9,12,36
2019,A619,LN,5.54,365.5,857.056,22.81,2.72,0.31,2.78,0.09,0.27,0.2,0.003,134,65,22,11,33
2019,A632,LN,4.2,318.2,789.915,16.31,2.44,0.35,1.8,0.18,0.25,0.2,0.001,74,48,18,7,33
2019,A634,LN,2.8,277.2,529.352,10.18,2.13,0.26,1.66,0.21,0.33,0.16,0.003,73,52,16,7,31
2019,A635,LN,2.93,226.1,611.782,11.09,1.56,0.19,1.73,0.15,0.23,0.13,0.001,57,35,16,3,20
2019,A641,LN,2.63,352.3,485.12,9.21,2.53,0.35,1.31,0.23,0.44,0.29,0.002,96,72,26,9,64
2019,A654,LN,6.97,329.7,1240.069,26.62,2.15,0.24,1.73,0.19,0.5,0.16,0.003,89,68,17,11,46
2019,A659,LN,8.21,405.7,1251.814,29.89,2.55,0.28,1.82,0.1,0.34,0.19,0.001,96,121,14,8,28
2019,A661,LN,2.47,334.9,516.287,9.81,2.15,0.3,2.45,0.1,0.24,0.17,0.001,86,72,20,6,27
2019,A679,LN,4.61,271.1,924.657,17.98,1.73,0.22,1.74,0.12,0.27,0.14,0.001,70,48,19,3,19
2019,A680,LN,8.2,413.4,1323.311,31.29,2.88,0.27,1.86,0.18,0.51,0.23,0.001,101,101,24,10,29
2019,A682,LN,3.98,238,834.418,15.73,2.03,0.25,2.34,0.12,0.3,0.15,0.002,92,63,22,7,23
2019,Ab28A,LN,NA,NA,NA,NA,NA,NA,NA,NA,NA,NA,NA,NA,NA,NA,NA,NA
2019,B2,LN,NA,NA,NA,NA,NA,NA,NA,NA,NA,NA,NA,NA,NA,NA,NA,NA
2019,B10,LN,3.78,206.3,952.258,17.32,2.17,0.29,2.32,0.22,0.34,0.17,0.001,82,73,18,7,32
2019,B14A,LN,3,315.2,917.732,18.36,2.63,0.32,1.93,0.24,0.31,0.23,0.001,99,58,19,8,29
2019,B37,LN,5.95,266.6,1020.371,24.1,2.14,0.31,1.73,0.22,0.47,0.21,0.001,64,38,22,7,29
2019,B46,LN,4.37,253.1,928.848,19.7,2.13,0.25,2.31,0.13,0.29,0.14,0.002,73,38,14,8,26
2019,B52,LN,NA,NA,NA,NA,NA,NA,NA,NA,NA,NA,NA,NA,NA,NA,NA,NA
2019,B57,LN,4.2,311,736.534,17.04,2.12,0.28,1.98,0.14,0.35,0.15,0.001,81,55,15,6,33
2019,B64,LN,5.15,260.3,996.731,22.35,2.07,0.24,2.16,0.21,0.36,0.21,0.003,74,46,11,6,17
2019,B68,LN,5.31,272,1003.522,24.34,1.92,0.24,2.22,0.15,0.28,0.17,0.001,79,82,14,6,19
2019,B73,LN,7.09,391.4,1234.233,28.16,2.39,0.27,1.99,0.17,0.35,0.21,0.002,78,64,13,8,31
2019,B73Htrhm,LN,6.63,427.5,1169.498,26.61,3.17,0.34,1.98,0.16,0.37,0.29,0.001,93,65,9,9,41
2019,B75,LN,6.05,373.9,1144.57,26.21,2.62,0.32,2.52,0.12,0.25,0.21,0.002,103,60,7,9,35
2019,B76,LN,5.65,338.2,966.278,23.99,2.2,0.29,1.99,0.14,0.39,0.17,0.002,83,36,16,8,23
2019,B77,LN,5.9,335.2,1116.574,25.23,2.68,0.3,1.87,0.11,0.26,0.19,0.002,104,47,19,10,26
2019,B79,LN,5.48,298.2,935.977,24.11,2.03,0.23,2.84,0.17,0.49,0.17,0.001,72,44,13,7,17
2019,B84,LN,5,342.3,832.822,21.15,2.17,0.25,2.5,0.16,0.36,0.17,0.002,67,53,14,5,29
2019,B97,LN,4.11,173.5,881.632,16.64,1.23,0.19,1.95,0.14,0.21,0.1,0.001,50,37,18,4,16
2019,B103,LN,4.65,377.1,715.72,17.79,2.45,0.27,1.98,0.22,0.47,0.23,0.001,81,141,29,7,76
2019,B104,LN,5.33,275.6,921.4,21.69,1.83,0.26,1.58,0.13,0.25,0.17,0.001,76,76,10,5,27
2019,B105,LN,3.44,221.9,653.783,13.93,2.03,0.35,1.97,0.14,0.31,0.16,0.001,61,73,19,6,33
2019,B109,LN,6.49,413.7,1152.661,25.06,2.72,0.27,1.95,0.15,0.32,0.23,0.001,89,51,8,8,28
2019,B164,LN,3.52,228.9,808.619,14.83,2.08,0.29,1.86,0.23,0.42,0.15,0.001,86,67,16,7,26
2019,C49A,LN,3,335.1,549.468,9.55,2.29,0.3,1.99,0.24,0.51,0.19,0.002,80,68,22,13,45
2019,C103,LN,6.64,295.2,1266.223,28.12,1.76,0.23,2.17,0.13,0.2,0.12,0.001,65,36,16,5,13
2019,C123,LN,NA,NA,NA,NA,NA,NA,NA,NA,NA,NA,NA,NA,NA,NA,NA,NA
2019,CH9,LN,6.8,516.5,1066.564,25.41,2.81,0.29,2.67,0.13,0.31,0.21,0.001,92,101,15,13,42
2019,CH701-30,LN,3,235.1,668.172,13.11,2.48,0.43,2.91,0.11,0.17,0.18,0.002,71,42,12,9,25
2019,CI3A,LN,6.87,262.8,1320.086,27.79,1.66,0.24,2.02,0.14,0.2,0.12,0.002,70,38,18,5,14
2019,Ci7Goodman-Buckler,LN,6.18,398.3,1151.102,25.44,2.39,0.21,1.91,0.26,0.51,0.25,0.002,85,81,12,12,36
2019,CI21E,LN,NA,NA,NA,NA,NA,NA,NA,NA,NA,NA,NA,NA,NA,NA,NA,NA
2019,CI28AGoodman-Buckler,LN,NA,NA,NA,NA,NA,NA,NA,NA,NA,NA,NA,NA,NA,NA,NA,NA
2019,CI31A,LN,3.07,164.8,753.207,15.63,1.63,0.25,2.25,0.11,0.2,0.12,0.001,53,47,7,4,32
2019,CI64,LN,6.94,248.7,1342.069,28.86,1.54,0.21,1.89,0.16,0.25,0.12,0.003,58,39,14,5,10
2019,CI66,LN,NA,NA,NA,NA,NA,NA,NA,NA,NA,NA,NA,NA,NA,NA,NA,NA
2019,Ci90CGoodman-Buckler,LN,3.48,314.8,712.052,15.44,2.26,0.29,2.12,0.2,0.39,0.2,0.001,83,70,16,8,43
2019,Ci91BGoodman-Buckler,LN,NA,NA,NA,NA,NA,NA,NA,NA,NA,NA,NA,NA,NA,NA,NA,NA
2019,CI187-2,LN,4.22,240.4,852.078,18.05,1.94,0.27,2.25,0.07,0.19,0.14,0.001,69,39,10,5,23
2019,CM7,LN,6.7,414.7,1088.182,26.31,2.52,0.25,1.47,0.25,0.58,0.21,0.002,96,122,25,12,32
2019,CM37,LN,5.25,349.5,891.198,20.33,2.21,0.22,1.37,0.23,0.47,0.21,0.002,81,144,25,9,22
2019,CM105,LN,4.02,454.6,730.769,14.09,3.37,0.28,1.29,0.24,0.47,0.28,0.002,114,54,25,13,35
2019,CM174,LN,3.65,443.9,725.706,13.83,3.07,0.28,1.35,0.31,0.51,0.27,0.001,100,41,29,12,35
2019,CML5,LN,NA,NA,NA,NA,NA,NA,NA,NA,NA,NA,NA,NA,NA,NA,NA,NA
2019,CML10,LN,4.84,197.1,958.835,19.19,1.41,0.24,2.06,0.12,0.16,0.1,0.001,47,42,16,5,14
2019,CML11,LN,NA,NA,NA,NA,NA,NA,NA,NA,NA,NA,NA,NA,NA,NA,NA,NA
2019,CML14,LN,NA,NA,NA,NA,NA,NA,NA,NA,NA,NA,NA,NA,NA,NA,NA,NA
2019,CML38,LN,NA,NA,NA,NA,NA,NA,NA,NA,NA,NA,NA,NA,NA,NA,NA,NA
2019,CML45,LN,NA,NA,NA,NA,NA,NA,NA,NA,NA,NA,NA,NA,NA,NA,NA,NA
2019,CML52,LN,9.9,292.1,1752.224,40.86,1.75,0.23,2.1,0.18,0.27,0.13,0.002,74,37,16,5,12
2019,CML61,LN,NA,NA,NA,NA,NA,NA,NA,NA,NA,NA,NA,NA,NA,NA,NA,NA
2019,CML69,LN,14.9,350.3,2333.911,56.59,2.67,0.29,2.13,0.11,0.31,0.25,0.001,92,81,15,10,39
2019,CML77,LN,NA,NA,NA,NA,NA,NA,NA,NA,NA,NA,NA,NA,NA,NA,NA,NA
2019,CML91,LN,NA,NA,NA,NA,NA,NA,NA,NA,NA,NA,NA,NA,NA,NA,NA,NA
2019,CML92,LN,NA,NA,NA,NA,NA,NA,NA,NA,NA,NA,NA,NA,NA,NA,NA,NA
2019,CML103,LN,4.55,197.1,938.788,17.73,1.67,0.26,1.73,0.16,0.23,0.14,0.001,50,86,20,5,33
2019,CML108,LN,5.19,182.1,1038.746,23.09,1.55,0.27,2.4,0.14,0.2,0.13,0.001,81,50,13,6,20
2019,CML154Q,LN,6.66,285.5,1094.242,28.97,1.84,0.18,3.29,0.17,0.32,0.15,0.001,76,103,13,6,26
2019,CML157Q,LN,NA,NA,NA,NA,NA,NA,NA,NA,NA,NA,NA,NA,NA,NA,NA,NA
2019,CML158Q,LN,12.88,375.5,1938.277,58.81,2.35,0.32,2.68,0.1,0.26,0.18,0.002,68,70,9,9,24
2019,CML218,LN,4.53,155.9,1000.011,18.65,1.4,0.24,2.16,0.12,0.15,0.11,0.001,44,35,14,3,22
2019,CML220,LN,5.85,330,902.433,21.29,2.18,0.26,2.05,0.11,0.21,0.17,0.001,55,66,12,6,30
2019,CML228,LN,4.98,262.5,896.578,18.47,1.77,0.24,1.9,0.18,0.24,0.13,0.001,59,52,26,5,23
2019,CML238,LN,NA,NA,NA,NA,NA,NA,NA,NA,NA,NA,NA,NA,NA,NA,NA,NA
2019,CML247,LN,NA,NA,NA,NA,NA,NA,NA,NA,NA,NA,NA,NA,NA,NA,NA,NA
2019,CML254,LN,3.65,243.3,718.819,14.37,1.84,0.24,1.84,0.22,0.22,0.14,0.001,46,41,25,5,25
2019,CML258,LN,NA,NA,NA,NA,NA,NA,NA,NA,NA,NA,NA,NA,NA,NA,NA,NA
2019,CML261,LN,6.27,224.4,1202.481,25.42,1.52,0.25,2.1,0.13,0.17,0.12,0.001,56,50,17,5,16
2019,CML264,LN,NA,NA,NA,NA,NA,NA,NA,NA,NA,NA,NA,NA,NA,NA,NA,NA
2019,CML277,LN,4.53,242.4,862.95,20.26,1.99,0.25,2.28,0.18,0.29,0.14,0.001,63,74,13,5,29
2019,CML281,LN,NA,NA,NA,NA,NA,NA,NA,NA,NA,NA,NA,NA,NA,NA,NA,NA
2019,CML287,LN,5.7,186.4,1126.941,24.32,1.35,0.25,2.13,0.11,0.12,0.1,0.001,49,39,15,4,18
2019,CML311,LN,NA,NA,NA,NA,NA,NA,NA,NA,NA,NA,NA,NA,NA,NA,NA,NA
2019,CML314,LN,7.57,307.6,1422.275,30.22,1.78,0.24,1.98,0.19,0.22,0.13,0.001,60,38,17,5,13
2019,CML321,LN,6.82,263.3,1267.313,27.33,2,0.27,2.07,0.15,0.18,0.14,0.001,53,41,20,6,20
2019,CML322,LN,5.22,227.1,1031.166,21.42,1.58,0.22,2.18,0.12,0.29,0.12,0.001,47,61,9,5,21
2019,CML323,LN,4.43,212.5,845.016,18.15,1.25,0.21,1.59,0.11,0.17,0.12,0.001,60,54,11,4,17
2019,CML328,LN,NA,NA,NA,NA,NA,NA,NA,NA,NA,NA,NA,NA,NA,NA,NA,NA
2019,CML331,LN,NA,NA,NA,NA,NA,NA,NA,NA,NA,NA,NA,NA,NA,NA,NA,NA
2019,CML332,LN,NA,NA,NA,NA,NA,NA,NA,NA,NA,NA,NA,NA,NA,NA,NA,NA
2019,CML333,LN,3.97,220.2,823.822,17.07,1.8,0.19,2.11,0.11,0.26,0.14,0.001,63,57,8,7,34
2019,CML341,LN,NA,NA,NA,NA,NA,NA,NA,NA,NA,NA,NA,NA,NA,NA,NA,NA
2019,CMV3,LN,3.87,333.6,628.85,13.39,2.35,0.31,1.18,0.26,0.49,0.28,0.003,91,49,24,12,19
2019,CO106,LN,5.27,458.7,855.567,19.69,3.4,0.35,2.22,0.18,0.43,0.27,0.002,105,122,12,26,64
2019,CO125,LN,3.74,405.3,672.874,14.39,2.6,0.35,1.94,0.09,0.34,0.21,0.002,89,60,14,14,29
2019,CO255,LN,3,486.9,554.814,10.7,2.7,0.27,1.26,0.24,0.57,0.21,0.002,99,147,21,20,42
2019,D940Y,LN,5.79,223.8,1184.648,23.84,1.47,0.18,1.92,0.15,0.22,0.11,0.001,77,53,20,5,17
2019,DE-2,LN,6.55,341.2,1216.777,27.83,2.27,0.29,2.05,0.1,0.23,0.16,0.002,111,89,14,9,32
2019,DE1,LN,4.39,365.8,886.58,20.47,2.77,0.3,2.57,0.1,0.15,0.19,0.001,92,55,15,7,25
2019,DE811,LN,5.16,297.1,895.206,21.61,1.96,0.23,2.13,0.09,0.26,0.17,0.001,96,58,16,9,17
2019,E2558W,LN,6.77,251.4,1240.327,27.53,1.8,0.18,1.73,0.18,0.35,0.14,0.001,62,39,12,4,16
2019,EP1,LN,2.9,330.7,574.487,14.13,2.65,0.35,2.39,0.12,0.3,0.2,0.001,81,104,8,9,27
2019,F6,LN,NA,NA,NA,NA,NA,NA,NA,NA,NA,NA,NA,NA,NA,NA,NA,NA
2019,F7,LN,4.23,392.7,708.081,14.96,3.18,0.26,1.24,0.53,0.76,0.22,0.002,89,169,11,18,38
2019,F44,LN,5.22,261.1,980.818,21.95,1.76,0.22,1.66,0.16,0.32,0.14,0.001,64,67,19,7,17
2019,F2834T,LN,3.53,203.8,743.535,16.35,1.99,0.33,2.4,0.1,0.17,0.18,0.001,56,60,7,4,32
2019,GA209,LN,7.49,279.9,1165.99,27.66,1.88,0.21,1.61,0.1,0.3,0.17,0.001,105,61,17,9,20
2019,GT112,LN,NA,NA,NA,NA,NA,NA,NA,NA,NA,NA,NA,NA,NA,NA,NA,NA
2019,H49,LN,NA,NA,NA,NA,NA,NA,NA,NA,NA,NA,NA,NA,NA,NA,NA,NA
2019,H84,LN,4.87,419.2,798.513,18.02,2.82,0.31,1.73,0.18,0.44,0.19,0.002,106,68,18,7,38
2019,H91,LN,5.92,497.5,1005.232,23.71,3.7,0.37,2.11,0.23,0.45,0.3,0.001,115,106,26,15,65
2019,H95,LN,6.08,270.8,1032.601,23.01,1.86,0.23,2.04,0.1,0.21,0.14,0.001,57,57,18,5,17
2019,H99,LN,2.22,276.6,440.494,8.7,2.29,0.26,1.95,0.16,0.32,0.17,0.003,86,97,14,6,22
2019,H105W,LN,4.05,259.5,883.156,19.16,2.38,0.24,2.73,0.17,0.34,0.19,0.002,82,78,16,6,28
2019,Hi27Goodman-Buckler,LN,NA,NA,NA,NA,NA,NA,NA,NA,NA,NA,NA,NA,NA,NA,NA,NA
2019,HP301,LN,5.85,236.8,1197.734,24.94,2.16,0.22,1.97,0.12,0.36,0.14,0.001,66,54,11,6,27
2019,I29,LN,4.99,393.1,954.269,21.59,2.78,0.32,2.07,0.14,0.29,0.2,0.001,95,91,9,11,37
2019,I137TN,LN,NA,NA,NA,NA,NA,NA,NA,NA,NA,NA,NA,NA,NA,NA,NA,NA
2019,I205,LN,4.58,203.7,963.838,18.91,1.61,0.25,2.02,0.13,0.14,0.12,0.001,43,29,17,3,17
2019,i1677a,LN,NA,NA,NA,NA,NA,NA,NA,NA,NA,NA,NA,NA,NA,NA,NA,NA
2019,IA2132Goodman-Buckler,LN,7.18,460.4,1009.945,29.16,3.01,0.29,1.98,0.34,0.48,0.25,0.002,100,101,19,11,39
2019,Ia5125,LN,6.78,261.2,1262.271,26.51,1.85,0.25,2.02,0.12,0.2,0.14,0.001,77,52,15,5,15
2019,IDS28,LN,3.27,281.3,629.732,12.63,2.21,0.26,1.78,0.11,0.31,0.16,0.002,87,67,10,9,33
2019,IDS69,LN,NA,NA,NA,NA,NA,NA,NA,NA,NA,NA,NA,NA,NA,NA,NA,NA
2019,IDS91,LN,7.44,402.1,1224.424,28.36,2.64,0.26,1.89,0.17,0.37,0.21,0.002,90,96,18,11,34
2019,Il14H,LN,5.2,265.5,1030.841,25.56,2.65,0.31,2.71,0.16,0.28,0.32,0.002,90,50,19,8,36
2019,Il101,LN,NA,NA,NA,NA,NA,NA,NA,NA,NA,NA,NA,NA,NA,NA,NA,NA
2019,ILLHy,LN,5.85,298.2,1155.303,24.41,2.51,0.3,1.96,0.24,0.49,0.19,0.001,88,58,19,8,36
2019,K4,LN,7.33,269.1,1308.691,30.88,2.26,0.24,1.98,0.25,0.31,0.2,0.001,80,59,13,10,25
2019,K55,LN,4,252.6,781.297,15.55,1.99,0.23,1.83,0.15,0.32,0.13,0.001,63,79,13,4,21
2019,K64,LN,3.4,221.5,659.223,13.29,1.65,0.22,1.89,0.12,0.24,0.15,0.002,63,52,9,6,24
2019,K148,LN,NA,NA,NA,NA,NA,NA,NA,NA,NA,NA,NA,NA,NA,NA,NA,NA
2019,KI3,LN,NA,NA,NA,NA,NA,NA,NA,NA,NA,NA,NA,NA,NA,NA,NA,NA
2019,Ki11,LN,7.17,328.3,1368.021,28.51,2.25,0.28,2.01,0.21,0.27,0.15,0.001,82,46,26,8,19
2019,Ki14,LN,NA,NA,NA,NA,NA,NA,NA,NA,NA,NA,NA,NA,NA,NA,NA,NA
2019,Ki21,LN,NA,NA,NA,NA,NA,NA,NA,NA,NA,NA,NA,NA,NA,NA,NA,NA
2019,Ki43,LN,NA,NA,NA,NA,NA,NA,NA,NA,NA,NA,NA,NA,NA,NA,NA,NA
2019,Ki44,LN,7.1,312.7,1260.838,28.2,2.15,0.27,2,0.22,0.32,0.17,0.001,90,52,15,8,34
2019,Ki2021,LN,NA,NA,NA,NA,NA,NA,NA,NA,NA,NA,NA,NA,NA,NA,NA,NA
2019,Ky21,LN,NA,NA,NA,NA,NA,NA,NA,NA,NA,NA,NA,NA,NA,NA,NA,NA
2019,KY226,LN,7.24,387.1,1086.409,27.43,2.64,0.26,1.96,0.16,0.36,0.24,0.001,119,109,11,9,39
2019,KY228,LN,NA,NA,NA,NA,NA,NA,NA,NA,NA,NA,NA,NA,NA,NA,NA,NA
2019,L317,LN,4.87,319,1045.38,22.57,2.02,0.2,2.16,0.2,0.45,0.18,0.002,83,48,18,7,23
2019,L578,LN,NA,NA,NA,NA,NA,NA,NA,NA,NA,NA,NA,NA,NA,NA,NA,NA
2019,M14,LN,5.75,287.4,1028.175,23.06,1.96,0.27,2.1,0.09,0.29,0.16,0.003,NA,93,12,9,25
2019,M37W,LN,6.37,236.8,1308.151,24.52,2.71,0.33,1.83,0.18,0.46,0.22,0.001,90,122,23,8,45
2019,M162W,LN,5.68,282.4,1127.976,23.63,2.32,0.23,1.77,0.14,0.33,0.17,0.001,118,48,16,9,21
2019,MEF156-55-2,LN,2.33,335.4,424.111,9.79,3.08,0.27,1.86,0.24,0.55,0.31,0.002,119,58,17,16,45
2019,MO1W,LN,5.03,238.3,1061.786,20.8,2.24,0.29,2.26,0.17,0.28,0.17,0.001,101,87,13,9,27
2019,Mo17,LN,4.83,301.6,935.294,21.23,2.43,0.3,2.58,0.14,0.31,0.17,0.002,89,77,13,8,28
2019,Mo18W,LN,NA,NA,NA,NA,NA,NA,NA,NA,NA,NA,NA,NA,NA,NA,NA,NA
2019,Mo24W,LN,8.28,337.7,1453.558,36.28,2.43,0.25,2.11,0.21,0.3,0.18,0.001,86,84,8,10,15
2019,Mo44,LN,5.14,260.5,1074.69,21.03,2.75,0.36,2.86,0.13,0.23,0.21,0.002,85,86,17,7,42
2019,Mo45,LN,4.25,420.4,724.31,17.28,2.64,0.25,1.96,0.2,0.41,0.18,0.002,106,71,10,9,23
2019,Mo46,LN,4.64,320,957.154,21.12,2.64,0.36,2.09,0.15,0.31,0.23,0.002,85,74,10,10,25
2019,Mo47,LN,4.78,283.1,894.683,17.36,1.97,0.22,1.44,0.25,0.46,0.19,0.001,76,106,16,7,36
2019,MoG,LN,NA,NA,NA,NA,NA,NA,NA,NA,NA,NA,NA,NA,NA,NA,NA,NA
2019,Mp339,LN,5.59,271.5,1116.961,25.14,2.48,0.27,2.07,0.11,0.26,0.22,0.001,90,69,12,9,33
2019,Ms71,LN,9.52,368.6,1683.142,37.69,2.32,0.26,2.08,0.14,0.26,0.17,0.001,76,43,12,7,15
2019,MS153,LN,3.45,247.1,679.924,13.77,2.15,0.26,2.11,0.16,0.32,0.18,0.002,63,76,18,8,32
2019,MS1334,LN,3.84,326.5,772.775,16.08,2.58,0.28,1.96,0.13,0.26,0.18,0.001,82,77,10,10,33
2019,Mt42,LN,3.61,458.9,631.508,13.89,3.21,0.31,2.06,0.22,0.68,0.24,0.002,126,219,16,11,25
2019,N6,LN,3.87,327.3,741.374,14.2,2.43,0.29,1.67,0.15,0.31,0.28,0.001,76,58,19,9,33
2019,N7A,LN,4.13,326.9,692.495,14.41,2.47,0.35,1.56,0.26,0.52,0.18,0.001,73,81,14,6,36
2019,N28Ht,LN,4.77,359.5,944.766,18.78,2.47,0.29,1.69,0.19,0.36,0.18,0.001,98,52,15,10,27
2019,N192,LN,5.84,389.4,1037.932,22.17,2.64,0.29,1.71,0.15,0.4,0.23,0.002,90,55,10,9,20
2019,NC33,LN,NA,NA,NA,NA,NA,NA,NA,NA,NA,NA,NA,NA,NA,NA,NA,NA
2019,NC222,LN,5.21,274.4,1078.598,22.17,2.39,0.26,2.51,0.17,0.34,0.16,0.001,73,61,14,4,22
2019,NC230,LN,3.91,221.2,884.243,17.22,1.9,0.22,2.7,0.16,0.3,0.13,0.002,61,57,19,4,19
2019,NC232,LN,7.36,312.5,1313.332,30.42,2.58,0.28,2.07,0.14,0.28,0.19,0.001,75,31,12,10,41
2019,NC236,LN,7.34,328.3,1348.193,28.49,2.25,0.27,2.05,0.18,0.29,0.16,0.001,82,38,24,6,18
2019,NC238,LN,NA,NA,NA,NA,NA,NA,NA,NA,NA,NA,NA,NA,NA,NA,NA,NA
2019,NC250,LN,3.13,356.7,522.066,13.57,2.14,0.29,2.13,0.17,0.37,0.18,0.002,72,86,14,8,27
2019,NC258,LN,6.14,241.6,1125.399,27.88,1.92,0.23,2.44,0.08,0.19,0.14,0.002,62,52,12,6,18
2019,NC260,LN,NA,NA,NA,NA,NA,NA,NA,NA,NA,NA,NA,NA,NA,NA,NA,NA
2019,NC262,LN,5.53,339.9,863.823,19.46,2.52,0.26,1.88,0.16,0.3,0.19,0.001,75,56,13,10,19
2019,NC264,LN,7.34,253.6,989.241,21.44,2.28,0.25,2.42,0.14,0.28,0.18,0.001,91,70,21,7,28
2019,NC290A,LN,4.28,286.2,753.837,16.76,2.01,0.23,1.84,0.14,0.23,0.16,0.001,65,53,17,7,24
2019,NC294,LN,5.24,351.6,765.937,21.3,2.34,0.31,1.71,0.15,0.34,0.22,0.002,75,52,21,6,26
2019,NC296,LN,6.16,213,1139.456,25.92,1.86,0.25,2.29,0.14,0.31,0.15,0.001,59,83,13,6,31
2019,NC296A,LN,NA,NA,NA,NA,NA,NA,NA,NA,NA,NA,NA,NA,NA,NA,NA,NA
2019,NC298,LN,11.19,339.1,1852.196,44.96,2.07,0.25,2.03,0.2,0.32,0.15,0.001,71,39,17,6,16
2019,NC300,LN,NA,NA,NA,NA,NA,NA,NA,NA,NA,NA,NA,NA,NA,NA,NA,NA
2019,NC302,LN,5.02,366.8,833.52,17.22,2.25,0.28,1.55,0.14,0.35,0.18,0.001,69,37,14,8,32
2019,NC304,LN,NA,NA,NA,NA,NA,NA,NA,NA,NA,NA,NA,NA,NA,NA,NA,NA
2019,NC306,LN,5.34,281.3,927.649,20.68,2.44,0.27,1.52,0.14,0.34,0.19,0.001,90,65,13,9,25
2019,NC310,LN,6.68,379.8,1156.995,26.09,2.58,0.3,1.8,0.15,0.35,0.25,0.002,94,118,10,9,35
2019,NC314,LN,NA,NA,NA,NA,NA,NA,NA,NA,NA,NA,NA,NA,NA,NA,NA,NA
2019,NC318,LN,5.5,244.2,1101.327,22.24,1.98,0.25,1.95,0.08,0.22,0.16,0.001,91,66,13,6,20
2019,NC320,LN,3.96,198.1,818.365,17.87,1.44,0.16,2.12,0.11,0.25,0.12,0.001,54,56,14,5,16
2019,NC324,LN,4.79,390.5,708.835,22.5,2.53,0.29,2.04,0.14,0.54,0.22,0.002,94,125,14,12,22
2019,NC326,LN,6.3,340.7,1098.478,25.09,2.57,0.26,2.01,0.15,0.28,0.22,0.002,96,43,17,7,22
2019,NC328,LN,5.31,377,1005.549,21.76,2.51,0.32,1.77,0.21,0.41,0.22,0.001,94,95,14,8,29
2019,NC336,LN,2.3,212.3,566.604,12.27,2.06,0.25,3.07,0.17,0.25,0.18,0.002,81,78,24,9,29
2019,NC338,LN,7.94,269.2,1614.135,31.8,2.11,0.21,2.09,0.15,0.27,0.16,0.002,82,50,14,8,24
2019,NC340,LN,4.43,250.7,791.618,18.82,1.69,0.2,2.3,0.17,0.54,0.13,0.002,67,84,9,5,26
2019,NC342,LN,9.39,298.8,1690.563,37.37,2.05,0.24,1.83,0.15,0.25,0.15,0.001,74,58,15,7,23
2019,NC344,LN,7.33,320.6,1112.993,29.61,2.02,0.22,1.88,0.09,0.22,0.15,0.001,79,50,14,9,18
2019,NC346,LN,4.57,174.6,916.54,20.46,1.74,0.28,2.3,0.13,0.29,0.17,0.001,77,100,14,6,35
2019,NC348,LN,6.27,311,987.089,25.26,2,0.21,1.98,0.21,0.33,0.17,0.001,69,64,8,8,21
2019,NC350,LN,NA,NA,NA,NA,NA,NA,NA,NA,NA,NA,NA,NA,NA,NA,NA,NA
2019,NC352,LN,7.17,297.9,1135.415,31.76,2.58,0.25,2.38,0.2,0.32,0.2,0.003,85,74,10,9,26
2019,NC354,LN,NA,NA,NA,NA,NA,NA,NA,NA,NA,NA,NA,NA,NA,NA,NA,NA
2019,NC356,LN,4.88,179.7,994.825,20.78,2.07,0.29,1.83,0.13,0.2,0.16,0.001,61,48,18,6,24
2019,NC358,LN,3.62,226.9,894.197,17.61,1.59,0.26,2.36,0.13,0.26,0.12,0.001,71,43,12,5,18
2019,NC360,LN,4.56,267.1,927.174,21.07,2.05,0.26,2.54,0.24,0.47,0.15,0.001,82,85,17,10,25
2019,NC362,LN,6.52,326.5,1055.687,26.45,2.31,0.26,2.12,0.21,0.33,0.18,0.001,77,96,16,11,31
2019,NC364,LN,5.5,285.9,980.085,22.32,2.21,0.25,1.91,0.21,0.41,0.18,0.001,76,75,25,11,21
2019,NC366,LN,7.72,336.4,1391.955,34.2,2.6,0.32,2.5,0.13,0.36,0.21,0.001,81,47,10,8,33
2019,NC368,LN,5.13,367,914.007,20,2.75,0.28,1.73,0.12,0.21,0.21,0.002,82,37,18,10,22
2019,ND246,LN,3.36,489.6,571.569,11.03,2.77,0.3,1.84,0.16,0.42,0.25,0.001,79,123,14,11,25
2019,OH7B,LN,6.29,349.6,1210.896,23.89,2.77,0.34,1.92,0.14,0.36,0.26,0.002,96,73,11,13,37
2019,Oh40B,LN,7.57,315.7,1300.569,28.62,2.45,0.26,2.08,0.12,0.52,0.18,0.002,95,68,27,10,35
2019,Oh43,LN,6.16,244.8,1068.795,24.68,2.05,0.29,2.1,0.13,0.32,0.17,0.001,69,77,20,8,27
2019,Oh43E,LN,4.22,272.4,760.629,18.01,2.34,0.28,2.57,0.1,0.24,0.22,0.001,95,40,18,7,23
2019,Oh603,LN,5.41,312.1,1100.877,22.21,2.41,0.25,2.1,0.13,0.28,0.18,0.002,111,60,20,11,22
2019,Os420,LN,6.82,252.7,1286.425,28.76,2.62,0.29,2.7,0.13,0.27,0.2,0.001,90,63,20,8,36
2019,P39Goodman-Buckler,LN,2.91,420.3,477.796,11.12,2.9,0.33,1.73,0.27,0.61,0.26,0.002,91,221,7,7,35
2019,Pa91,LN,7.5,330.2,1317.329,31.3,2.5,0.3,2.05,0.16,0.4,0.33,0.001,97,76,13,14,42
2019,Pa762,LN,3.59,262,747.746,13.62,2.3,0.24,1.93,0.14,0.29,0.17,0.001,73,47,26,8,30
2019,Pa875,LN,5.45,233.6,1094.495,23.82,1.97,0.26,1.92,0.2,0.29,0.15,0.001,78,91,18,6,29
2019,Pa880,LN,3.25,228.8,688.158,12.79,1.91,0.23,2,0.12,0.23,0.15,0.001,85,51,12,6,24
2019,R4,LN,6.18,397.7,1225.804,24.86,2.82,0.3,2.18,0.23,0.39,0.21,0.001,118,72,15,12,31
2019,R109B,LN,NA,NA,NA,NA,NA,NA,NA,NA,NA,NA,NA,NA,NA,NA,NA,NA
2019,R168,LN,4.63,338.9,883.293,18.73,2.37,0.37,2.44,0.12,0.25,0.18,0.004,75,51,12,8,29
2019,R177,LN,8.24,417.1,1201.792,30.46,2.88,0.31,1.92,0.21,0.36,0.23,0.001,93,72,16,11,36
2019,R229,LN,7.15,452.4,1096.09,25.22,2.62,0.27,1.97,0.22,0.39,0.23,0.003,99,80,12,11,25
2019,SA24,LN,6.89,189.7,1303.757,28.92,1.82,0.23,2.4,0.2,0.44,0.15,0.002,65,65,12,6,28
2019,SC55,LN,5.57,226.2,1075.648,25.69,1.68,0.17,2.27,0.21,0.42,0.14,0.001,53,66,7,4,16
2019,SC213R,LN,NA,NA,NA,NA,NA,NA,NA,NA,NA,NA,NA,NA,NA,NA,NA,NA
2019,SC357,LN,5.24,359.9,911.273,20.41,2.6,0.24,1.99,0.12,0.3,0.18,0.002,86,78,21,8,38
2019,SD40,LN,4.95,335,849.066,18.24,2.49,0.26,1.96,0.14,0.4,0.17,0.002,92,71,16,11,20
2019,SD44,LN,5.11,311.4,1040.234,18.24,2.05,0.23,1.71,0.14,0.27,0.15,0.003,77,72,13,6,17
2019,Sg18,LN,3.9,230.8,832.032,16.54,2.04,0.22,1.99,0.17,0.36,0.14,0.002,76,76,18,7,25
2019,Sg1533,LN,5.4,309.1,1105.905,22.08,2.45,0.24,2.41,0.15,0.25,0.18,0.002,73,38,12,6,35
2019,T8,LN,6.4,317.5,1084.027,25.95,2.17,0.2,1.86,0.13,0.32,0.17,0.004,76,57,7,9,17
2019,T232,LN,5.2,299,1030.711,22.68,2.28,0.26,2.08,0.1,0.28,0.18,0.002,91,49,19,8,33
2019,T234,LN,6.33,319.3,1074.09,24.59,2.05,0.25,1.96,0.12,0.26,0.18,0.001,69,53,12,8,29
2019,Tx303,LN,NA,NA,NA,NA,NA,NA,NA,NA,NA,NA,NA,NA,NA,NA,NA,NA
2019,Tx601,LN,4.94,287.3,922.151,19.01,1.93,0.27,1.94,0.23,0.26,0.14,0.002,61,38,29,5,24
2019,Tzi8,LN,6.76,234.5,1288.271,30.04,2.05,0.26,2.4,0.2,0.5,0.15,0.001,83,88,18,6,29
2019,Tzi9,LN,7.42,215.9,1335.288,27.73,1.48,0.2,1.96,0.13,0.25,0.12,0.001,55,44,11,5,15
2019,Tzi10,LN,8.98,344.1,1583.051,35.77,2.36,0.3,2.12,0.18,0.29,0.17,0.001,79,36,21,6,22
2019,Tzi11,LN,4.84,249.1,927.303,19.75,2.32,0.28,2.46,0.16,0.31,0.18,0.001,74,62,14,14,35
2019,Tzi16,LN,NA,NA,NA,NA,NA,NA,NA,NA,NA,NA,NA,NA,NA,NA,NA,NA
2019,Tzi18,LN,6.7,230.6,1260.508,25.85,1.68,0.19,2.07,0.15,0.28,0.13,0.002,65,38,11,5,21
2019,Tzi25,LN,6.18,230,1161.54,27.22,1.51,0.21,1.94,0.13,0.26,0.11,0.001,60,58,18,5,25
2019,U267Y,LN,NA,NA,NA,NA,NA,NA,NA,NA,NA,NA,NA,NA,NA,NA,NA,NA
2019,Va14,LN,NA,NA,NA,NA,NA,NA,NA,NA,NA,NA,NA,NA,NA,NA,NA,NA
2019,Va17,LN,NA,NA,NA,NA,NA,NA,NA,NA,NA,NA,NA,NA,NA,NA,NA,NA
2019,Va22,LN,6.87,414.9,1310.088,33.19,2.64,0.33,2.28,0.14,0.3,0.19,0.002,110,54,20,14,21
2019,Va26,LN,5.55,371.3,940.494,20.22,2.37,0.24,2.2,0.19,0.3,0.18,0.002,79,35,13,8,16
2019,Va35,LN,6.21,419.9,976.829,26.33,2.67,0.27,2.23,0.19,0.33,0.24,0.001,85,55,15,13,27
2019,Va59,LN,5.9,481.7,988.946,24.62,3.5,0.35,2.56,0.2,0.38,0.27,0.002,135,146,14,15,31
2019,Va85,LN,6.34,403.8,1208.27,23.13,2.51,0.24,2.48,0.15,0.27,0.2,0.002,100,62,16,9,22
2019,Va99,LN,6.5,328.4,1281.993,28.37,2.03,0.2,2.28,0.12,0.35,0.15,0.002,78,57,9,8,18
2019,VA102,LN,8.41,374,1427.014,37.07,2.74,0.27,2.4,0.22,0.39,0.21,0.002,98,72,23,11,25
2019,VaW6,LN,5.54,289.1,1052.627,20.97,2.35,0.37,2.02,0.18,0.27,0.22,0.002,76,51,14,8,39
2019,W22,LN,4.83,283.7,924.304,21.07,2.57,0.31,2.21,0.18,0.39,0.21,0.001,89,109,24,11,47
2019,W64A,LN,3.11,260.2,682.402,12.63,2.14,0.27,1.93,0.1,0.28,0.16,0.001,81,50,19,7,35
2019,W117Ht,LN,3.21,376.5,595.854,12.78,2.64,0.28,2.34,0.19,0.57,0.18,0.003,82,132,16,7,19
2019,W153R,LN,2.7,543,443.958,9.47,3.06,0.32,1.97,0.15,0.27,0.23,0.001,138,69,10,9,27
2019,W182B,LN,3.01,206.9,611.463,10.56,2.22,0.29,2.25,0.18,0.42,0.25,0.004,73,134,15,9,42
2019,WD,LN,NA,NA,NA,NA,NA,NA,NA,NA,NA,NA,NA,NA,NA,NA,NA,NA
2019,Wf9,LN,4.58,303.5,922.394,18.83,2.18,0.26,2.44,0.19,0.29,0.16,0.002,79,88,14,12,34
2019,Yu796_NS,LN,6.37,406.5,1122.216,23.39,2.74,0.28,2.18,0.22,0.43,0.24,0.002,97,69,9,13,34
